{
  "portraitScale": 2,
  "portraitTranslation": [ 0, -0.3, 0 ],
  "profileScale": 0.6,
  "profileTranslation": [ 0.1, 0.8, 0 ],
  "cry": "bedrock('hattrem', 'cry')",
  "poses": {
    "standing": {
      "poseName": "standing",
      "transformTicks": 10,
      "poseTypes": [
        "STAND",
        "NONE",
        "PORTRAIT",
        "PROFILE"
      ],
      "animations": [
        "bedrock(hattrem, ground_idle)"
      ]
    },
    "walking": {
      "poseName": "walking",
      "transformTicks": 10,
      "poseTypes": [ "WALK" ],
      "animations": [ "bedrock(hattrem, ground_walk)" ]
    },
   "sleep": {
     "poseTypes": ["SLEEP"],
     "animations": ["bedrock(hattrem, sleep)"]
   }
  }
}
