{
  "head": "head",
  "portraitScale": 1,
  "portraitTranslation": [ -0.35, 0, 0 ],
  "profileScale": 0.5,
  "profileTranslation": [ 0, 0.7, 0 ],
  "poses": {
    "standing": {
      "poseName": "standing",
      "transformTicks": 10,
      "poseTypes": [
        "STAND",
        "NONE",
        "PORTRAIT",
        "PROFILE"
      ],
      "animations": [
        "look",
        "bedrock(dondozo, ground_idle)"
      ]
    },
    "walking": {
      "poseName": "walking",
      "transformTicks": 10,
      "poseTypes": [ "WALK" ],
      "animations": [ "bedrock(dondozo, ground_walk)" ]
    }
  },
  "float": {
    "poseTypes": ["FLOAT"],
    "animations": ["q.look('head')", "q.bedrock('dondozo', 'water_idle')"],
    "quirks": ["q.bedrock_quirk('dondozo', 'blink')"]
  },
  "swim": {
    "poseTypes": ["SWIM"],
    "animations": ["q.look('head')", "q.bedrock('dondozo', 'water_swim')"],
    "quirks": ["q.bedrock_quirk('dondozo', 'blink')"]
  }
}