{
	"format_version": "1.12.0",
	"minecraft:geometry": [
		{
			"description": {
				"identifier": "geometry.unknown",
				"texture_width": 256,
				"texture_height": 256,
				"visible_bounds_width": 10,
				"visible_bounds_height": 2.5,
				"visible_bounds_offset": [0, 0.75, 0]
			},
			"bones": [
				{
					"name": "dondozo",
					"pivot": [0, 0, 0]
				},
				{
					"name": "body",
					"parent": "dondozo",
					"pivot": [-0.10515, 8.30003, -1.30783],
					"cubes": [
						{"origin": [-11, -0.5, -7], "size": [22, 16, 13], "uv": [0, 0]},
						{"origin": [-5, 15, -5], "size": [10, 2, 12], "uv": [0, 104]}
					]
				},
				{
					"name": "finleft",
					"parent": "body",
					"pivot": [11, 9, -0.5],
					"cubes": [
						{"origin": [10, 4.5, -0.5], "size": [8, 9, 0], "uv": [33, 104]}
					]
				},
				{
					"name": "finleft2",
					"parent": "finleft",
					"pivot": [17.5, 9, -0.5],
					"cubes": [
						{"origin": [17.5, 2.5, -0.5], "size": [9, 13, 0], "inflate": 0.002, "uv": [122, 26]}
					]
				},
				{
					"name": "finright",
					"parent": "body",
					"pivot": [-11, 9, -0.5],
					"cubes": [
						{"origin": [-18, 4.5, -0.5], "size": [8, 9, 0], "uv": [33, 104], "mirror": true}
					]
				},
				{
					"name": "finright2",
					"parent": "finright",
					"pivot": [-17.5, 9, -0.5],
					"cubes": [
						{"origin": [-26.5, 2.5, -0.5], "size": [9, 13, 0], "inflate": 0.002, "uv": [122, 26], "mirror": true}
					]
				},
				{
					"name": "head",
					"parent": "body",
					"pivot": [0, 4, -7],
					"cubes": [
						{"origin": [-9.5, 6, -19], "size": [19, 9, 12], "uv": [59, 18]},
						{"origin": [-9.5, 1, -8], "size": [19, 13, 6], "inflate": 0.001, "pivot": [0, 7.5, -4.5], "rotation": [-12.5, 0, 0], "uv": [55, 84]},
						{"origin": [-10, 6.001, -19.5], "size": [20, 2, 12], "uv": [71, 0]},
						{"origin": [4.5, 15, -14], "size": [0, 2, 4], "uv": [49, 148]},
						{"origin": [-2, 15, -17], "size": [4, 2, 0], "uv": [6, 162]},
						{"origin": [-4.3, 15, -8], "size": [4, 2, 0], "uv": [5, 142]},
						{"origin": [0.3, 15, -8], "size": [4, 2, 0], "uv": [28, 149]},
						{"origin": [-4.2, 14.89058, -15.67179], "size": [0, 6, 4], "pivot": [-4.2, 13.97164, -12.05], "rotation": [22.5, 0, -10], "uv": [46, 50]},
						{"origin": [-4.2, 14.89058, -12.42821], "size": [0, 6, 4], "pivot": [-4.2, 13.97164, -12.05], "rotation": [-22.5, 0, -10], "uv": [0, 0]},
						{"origin": [9.5, 7.9, -12], "size": [0, 2, 2], "inflate": 0.001, "pivot": [9.5, 10.4, -16], "rotation": [5, 0, 0], "uv": [9, 50]},
						{"origin": [-9.5, 7.9, -12], "size": [0, 2, 2], "inflate": 0.001, "pivot": [-9.5, 10.4, -16], "rotation": [5, 0, 0], "uv": [0, 50]},
						{"origin": [1.5, 8.1, -19], "size": [3, 1, 0], "inflate": 0.001, "pivot": [3, 8.6, -19], "rotation": [0, 0, -42.5], "uv": [5, 2]},
						{"origin": [-4.5, 8.1, -19], "size": [3, 1, 0], "inflate": 0.001, "pivot": [-3, 8.6, -19], "rotation": [0, 0, 42.5], "uv": [5, 0]}
					]
				},
				{
					"name": "eyeleft",
					"parent": "head",
					"pivot": [9.5, 10.925, -16],
					"rotation": [5, 0, 0],
					"cubes": [
						{"origin": [9.5, 8.925, -18], "size": [0, 3, 4], "inflate": 0.001, "uv": [10, 30]}
					]
				},
				{
					"name": "pupilleft",
					"parent": "eyeleft",
					"pivot": [9.5, 11.175, -16],
					"cubes": [
						{"origin": [9.5, 9.925, -17], "size": [0, 2, 2], "inflate": 0.002, "uv": [12, 53]},
						{"origin": [9.5, 10.925, -16.5], "size": [0, 1, 1], "inflate": 0.003, "uv": [9, 4]}
					]
				},
				{
					"name": "eyeright",
					"parent": "head",
					"pivot": [-9.5, 10.925, -16],
					"rotation": [5, 0, 0],
					"cubes": [
						{"origin": [-9.5, 8.925, -18], "size": [0, 3, 4], "inflate": 0.001, "uv": [10, 30], "mirror": true}
					]
				},
				{
					"name": "eyelidleft",
					"parent": "eyeright",
					"pivot": [-8.9, 10.425, -16],
					"cubes": [
						{"origin": [-9.4, 8.925, -18], "size": [1, 3, 4], "inflate": 0.004, "uv": [103, 147], "mirror": true}
					]
				},
				{
					"name": "eyelidright",
					"parent": "eyeright",
					"pivot": [8.9, 10.425, -16],
					"cubes": [
						{"origin": [8.4, 8.925, -18], "size": [1, 3, 4], "inflate": 0.004, "uv": [103, 147]}
					]
				},
				{
					"name": "pupilright",
					"parent": "eyeright",
					"pivot": [-9.5, 11.175, -16],
					"cubes": [
						{"origin": [-9.5, 9.925, -17], "size": [0, 2, 2], "inflate": 0.002, "uv": [12, 53], "mirror": true},
						{"origin": [-9.5, 10.925, -16.5], "size": [0, 1, 1], "inflate": 0.003, "uv": [9, 4], "mirror": true}
					]
				},
				{
					"name": "whiskerleft",
					"parent": "head",
					"pivot": [9.5, 9.34149, -10.88829],
					"cubes": [
						{"origin": [9.5, 8.34149, -10.88829], "size": [6, 2, 0], "uv": [46, 79]}
					]
				},
				{
					"name": "whiskerleft2",
					"parent": "whiskerleft",
					"pivot": [15.5, 9.34149, -10.88829],
					"cubes": [
						{"origin": [15.5, 8.84149, -10.88829], "size": [7, 1, 0], "inflate": 0.002, "uv": [0, 64]}
					]
				},
				{
					"name": "whiskerleft3",
					"parent": "whiskerleft2",
					"pivot": [22.5, 9.34149, -10.88829],
					"cubes": [
						{"origin": [22.5, 8.84149, -10.88829], "size": [7, 1, 0], "uv": [58, 10]}
					]
				},
				{
					"name": "whiskerright",
					"parent": "head",
					"pivot": [-9.5, 9.34149, -10.88829],
					"cubes": [
						{"origin": [-15.5, 8.34149, -10.88829], "size": [6, 2, 0], "uv": [46, 79], "mirror": true}
					]
				},
				{
					"name": "whiskerright2",
					"parent": "whiskerright",
					"pivot": [-15.5, 9.34149, -10.88829],
					"cubes": [
						{"origin": [-22.5, 8.84149, -10.88829], "size": [7, 1, 0], "inflate": 0.002, "uv": [0, 64], "mirror": true}
					]
				},
				{
					"name": "whiskerright3",
					"parent": "whiskerright2",
					"pivot": [-22.5, 9.34149, -10.88829],
					"cubes": [
						{"origin": [-29.5, 8.84149, -10.88829], "size": [7, 1, 0], "uv": [58, 10], "mirror": true}
					]
				},
				{
					"name": "lowerjaw",
					"parent": "head",
					"pivot": [0, 6, -9],
					"cubes": [
						{"origin": [-9.5, 0, -19], "size": [19, 6, 12], "inflate": 0.002, "uv": [63, 65]},
						{"origin": [-10.5, 3.999, -20], "size": [21, 2, 12], "uv": [46, 50]},
						{"origin": [8.76777, -1.26777, -14.5], "size": [5, 1, 0], "pivot": [11.26777, -0.76777, -14.5], "rotation": [-90, 0, 45], "uv": [63, 69]},
						{"origin": [8.76777, -1.26777, -11.5], "size": [5, 1, 0], "pivot": [11.26777, -0.76777, -11.5], "rotation": [-90, 0, 45], "uv": [63, 67]},
						{"origin": [0, -5, -23], "size": [0, 7, 9], "uv": [0, 30]},
						{"origin": [-13.76777, -1.26777, -14.5], "size": [5, 1, 0], "pivot": [-11.26777, -0.76777, -14.5], "rotation": [-90, 0, -45], "uv": [0, 11]},
						{"origin": [-13.76777, -1.26777, -11.5], "size": [5, 1, 0], "pivot": [-11.26777, -0.76777, -11.5], "rotation": [-90, 0, -45], "uv": [61, 65]}
					]
				},
				{
					"name": "tongue",
					"parent": "lowerjaw",
					"pivot": [0, 2, 1],
					"cubes": [
						{"origin": [-6, 3, -6], "size": [12, 2, 2], "uv": [56, 40]},
						{"origin": [-6.5, 5, -9], "size": [13, 2, 8], "uv": [110, 15]}
					]
				},
				{
					"name": "tongue2",
					"parent": "tongue",
					"pivot": [0, 6, -9],
					"cubes": [
						{"origin": [-6.5, 5, -19], "size": [13, 2, 10], "uv": [101, 40]},
						{"origin": [-6, 3, -14], "size": [12, 2, 2], "uv": [56, 40]}
					]
				},
				{
					"name": "tail1",
					"parent": "body",
					"pivot": [0, 8, 6],
					"cubes": [
						{"origin": [-9, 0, 4], "size": [18, 15, 9], "uv": [0, 79]}
					]
				},
				{
					"name": "tail2",
					"parent": "tail1",
					"pivot": [0, 8, 13],
					"cubes": [
						{"origin": [-7, 2, 9], "size": [14, 11, 17], "uv": [0, 50]},
						{"origin": [-13, 5.5, 13], "size": [6, 0, 13], "uv": [71, 113]},
						{"origin": [7, 5.5, 13], "size": [6, 0, 13], "uv": [71, 113], "mirror": true}
					]
				},
				{
					"name": "tail3",
					"parent": "tail2",
					"pivot": [0, 7.5, 26],
					"cubes": [
						{"origin": [-5, 3.5, 24], "size": [10, 8, 13], "uv": [93, 91]},
						{"origin": [5, 5.5, 26], "size": [6, 0, 11], "uv": [121, 114]},
						{"origin": [-11, 5.5, 26], "size": [6, 0, 11], "uv": [121, 114], "mirror": true}
					]
				},
				{
					"name": "tail4",
					"parent": "tail3",
					"pivot": [0, 7.5, 37],
					"cubes": [
						{"origin": [-3, 4.5, 37], "size": [6, 6, 13], "uv": [45, 104]},
						{"origin": [-9, 5.5, 37], "size": [6, 0, 11], "uv": [97, 113]},
						{"origin": [3, 5.5, 37], "size": [6, 0, 11], "uv": [97, 113], "mirror": true}
					]
				},
				{
					"name": "tailfin",
					"parent": "tail4",
					"pivot": [0, 7.5, 49.5],
					"cubes": [
						{"origin": [-8.5, 7.5, 49], "size": [17, 0, 6], "uv": [13, 43]}
					]
				},
				{
					"name": "tailfin2",
					"parent": "tailfin",
					"pivot": [0, 7.5, 55],
					"cubes": [
						{"origin": [-8.5, 7.5, 55], "size": [17, 0, 13], "uv": [6, 30]}
					]
				}
			]
		}
	]
}