{
  "target": "cobblemon:palkia",

  "baseScale":1.3,
  "hitbox": {
    "width": 3.5,
    "height": 5,
    "fixed": false
  },
  "behaviour": {
      "moving": {
        "canLook": true,
        "walk": {
          "walkSpeed": 0.3,
          "canWalk": true,
          "avoidsLand": false
        },
      "fly": {
        "canFly": true
      },
      "swim": {
        "swimSpeed": 0.2,
        "canSwimInWater": false,
        "canBreatheUnderwater": false
      }
    }
  }
}