{
    "enabled": true,
    "neededInstalledMods": [],
    "neededUninstalledMods": [],
    "spawns": [
      {
        "id": "dondozo-1",
        "pokemon": "dondozo",
        "presets": [
          "underwater"
        ],
        "type": "pokemon",
        "context": "submerged",
        "bucket": "uncommon",
        "level": "25-50",
        "weight": 9.0,
        "condition": {
          "biomes": [
            "#cobblemon:is_river"
          ]
        }
      },
      {
        "id": "dondozo-2",
        "pokemon": "dondozo",
        "presets": [
          "underwater"
        ],
        "type": "pokemon",
        "context": "submerged",
        "bucket": "uncommon",
        "level": "25-50",
        "weight": 9.0,
        "condition": {
          "biomes": [
            "#minecraft:is_ocean"
          ]
        }
      }
    ]
  }
  