{
    "enabled": true,
    "neededInstalledMods": [],
    "neededUninstalledMods": [],
    "spawns": [
      {
        "id": "hatterene-1",
        "pokemon": "hatterene",
        "presets": [                
            "natural",
            "wild"
        ],
        "type": "pokemon",
        "context": "grounded",
        "bucket": "rare",
        "level": "42-80",
        "weight": 7.0,
        "weightMultiplier": {
            "multiplier": 1.5,
            "condition": {
                "timeRange": "night"
            }
        },
        "condition": {
            "canSeeSky": true,
            "biomes": [
                "#cobblemon:is_magical"
            ],
            "isRaining": false
        },
        "anticondition": {
            "biomes": [
                "#cobblemon:is_arid",
                "#cobblemon:is_freezing"
            ]
        }

      },
      {
        "id": "hatterene-2",
        "pokemon": "hatterene",
        "presets": [
            "natural",
            "wild"
        ],
        "type": "pokemon",
        "context": "grounded",
        "bucket": "rare",
        "level": "42-70",
        "weight": 6.0,
        "weightMultiplier": {
            "multiplier": 2.0,
            "condition": {
                "timeRange": "night"
            }
        },
        "condition": {
            "canSeeSky": false,
            "biomes": [
                "#cobblemon:is_forest"
            ]
        },
        "anticondition": {
            "structures": [
                "#minecraft:village"
            ]
        }
      },
      {
        "id": "hatterene-3",
        "pokemon": "hatterene",
        "presets": [
            "natural"
        ],
        "type": "pokemon",
        "context": "grounded",
        "bucket": "rare",
        "level": "42-65",
        "weight": 4.0,
        "condition": {
            "canSeeSky": true,
            "biomes": [
                "#cobblemon:is_floral"
            ]
        }
      }
    ]
  }