{
  "implemented": true,
  "name": "Smeargle",
  "nationalPokedexNumber": 235,
  "primaryType": "normal",
  "abilities": [
    "owntempo",
    "technician",
    "h:moody"
  ],
  "baseStats": {
    "hp": 55,
    "attack": 20,
    "defence": 35,
    "special_attack": 20,
    "special_defence": 45,
    "speed": 75
  },
  "behaviour": {
    "resting": {
      "canSleep": true,
      "willSleepOnBed": false,
      "depth": "normal",
      "light": "0-4"
    }
  },
  "catchRate": 45,
  "maleRatio": 0.5,
  "shoulderMountable": false,
  "baseExperienceYield": 88,
  "experienceGroup": "fast",
  "eggCycles": 20,
  "eggGroups": [
    "field"
  ],
  "moves": [
        "100:accelerock",
        "100:acidspray",
        "100:aerialace",
        "100:afteryou",
        "100:airslash",
        "100:alluringvoice",
        "100:allyswitch",
        "100:ancientpower",
        "100:aquacutter",
        "100:aquastep",
        "100:armorcannon",
        "100:armthrust",
        "100:aromaticmist",
        "100:assurance",
        "100:astonish",
        "100:astralbarrage",
        "100:aurasphere",
        "100:aurawheel",
        "100:aurorabeam",
        "100:auroraveil",
        "100:axekick",
        "100:babydolleyes",
        "100:banefulbunker",
        "100:barbbarrage",
        "100:barrage",
        "100:barrier",
        "100:batonpass",
        "100:beatup",
        "100:behemothbash",
        "100:behemothblade",
        "100:belch",
        "100:bellydrum",
        "100:bestow",
        "100:bide",
        "100:bite",
        "100:bitterblade",
        "100:bittermalice",
        "100:blazekick",
        "100:bleakwindstorm",
        "100:blizzard",
        "100:block",
        "100:bloodmoon",
        "100:blueflare",
        "100:bodypress",
        "100:bodyslam",
        "100:boltbeak",
        "100:boneclub",
        "100:bonemerang",
        "100:boomburst",
        "100:bounce",
        "100:branchpoke",
        "100:bravebird",
        "100:breakingswipe",
        "100:brickbreak",
        "100:brine",
        "100:brutalswing",
        "100:bubble",
        "100:bubblebeam",
        "100:bugbite",
        "100:bugbuzz",
        "100:bulkup",
        "100:bulldoze",
        "100:bulletpunch",
        "100:bulletseed",
        "100:burningbulwark",
        "100:burningjealousy",
        "100:burnup",
        "100:calmmind",
        "100:camouflage",
        "100:captivate",
        "100:ceaselessedge",
        "100:celebrate",
        "100:charge",
        "100:chargebeam",
        "100:charm",
        "100:chatter",
        "100:chillyreception",
        "100:chipaway",
        "100:chloroblast",
        "100:circlethrow",
        "100:clamp",
        "100:clangingscales",
        "100:clearsmog",
        "100:coaching",
        "100:coil",
        "100:collisioncourse",
        "100:cometpunch",
        "100:comeuppance",
        "100:confide",
        "100:confuseray",
        "100:confusion",
        "100:constrict",
        "100:conversion",
        "100:conversion2",
        "100:copycat",
        "100:coreenforcer",
        "100:corrosivegas",
        "100:cosmicpower",
        "100:cottonguard",
        "100:cottonspore",
        "100:counter",
        "100:courtchange",
        "100:crabhammer",
        "100:craftyshield",
        "100:crosschop",
        "100:crosspoison",
        "100:crunch",
        "100:crushclaw",
        "100:curse",
        "100:cut",
        "100:darkestlariat",
        "100:darkpulse",
        "100:dazzlinggleam",
        "100:decorate",
        "100:defensecurl",
        "100:defog",
        "100:destinybond",
        "100:detect",
        "100:diamondstorm",
        "100:dig",
        "100:direclaw",
        "100:disarmingvoice",
        "100:discharge",
        "100:dive",
        "100:dizzypunch",
        "100:doodle",
        "100:doomdesire",
        "100:doubleedge",
        "100:doublehit",
        "100:doubleironbash",
        "100:doublekick",
        "100:doubleshock",
        "100:doubleslap",
        "100:doubleteam",
        "100:dracometeor",
        "100:dragonbreath",
        "100:dragoncheer",
        "100:dragonclaw",
        "100:dragondance",
        "100:dragondarts",
        "100:dragonenergy",
        "100:dragonhammer",
        "100:dragonpulse",
        "100:dragonrage",
        "100:dragonrush",
        "100:dragontail",
        "100:drainingkiss",
        "100:drainpunch",
        "100:dreameater",
        "100:drillpeck",
        "100:drillrun",
        "100:drumbeating",
        "100:dualchop",
        "100:dynamaxcannon",
        "100:dynamicpunch",
        "100:earthpower",
        "100:earthquake",
        "100:echoedvoice",
        "100:eerieimpulse",
        "100:eeriespell",
        "100:eggbomb",
        "100:electricterrain",
        "100:electrify",
        "100:electroball",
        "100:electrodrift",
        "100:electroshot",
        "100:electroweb",
        "100:embargo",
        "100:encore",
        "100:endeavor",
        "100:energyball",
        "100:entrainment",
        "100:eruption",
        "100:eternabeam",
        "100:expandingforce",
        "100:explosion",
        "100:extrasensory",
        "100:extremespeed",
        "100:facade",
        "100:fairylock",
        "100:fairywind",
        "100:fakeout",
        "100:faketears",
        "100:falsesurrender",
        "100:falseswipe",
        "100:featherdance",
        "100:feintattack",
        "100:ficklebeam",
        "100:fierydance",
        "100:fierywrath",
        "100:filletaway",
        "100:finalgambit",
        "100:fireblast",
        "100:firefang",
        "100:firelash",
        "100:firepledge",
        "100:firepunch",
        "100:firespin",
        "100:firstimpression",
        "100:fishiousrend",
        "100:fissure",
        "100:flameburst",
        "100:flamecharge",
        "100:flamethrower",
        "100:flamewheel",
        "100:flareblitz",
        "100:flash",
        "100:flashcannon",
        "100:flatter",
        "100:fleurcannon",
        "100:fling",
        "100:flipturn",
        "100:floralhealing",
        "100:flowershield",
        "100:flowertrick",
        "100:fly",
        "100:flyingpress",
        "100:focusblast",
        "100:focusenergy",
        "100:focuspunch",
        "100:followme",
        "100:forcepalm",
        "100:foresight",
        "100:forestscurse",
        "100:foulplay",
        "100:freezedry",
        "100:freezeshock",
        "100:freezingglare",
        "100:frenzyplant",
        "100:frostbreath",
        "100:frustration",
        "100:furycutter",
        "100:fusionbolt",
        "100:fusionflare",
        "100:futuresight",
        "100:gastroacid",
        "100:geargrind",
        "100:gearup",
        "100:geomancy",
        "100:gigadrain",
        "100:gigatonhammer",
        "100:glaciallance",
        "100:glaciate",
        "100:glare",
        "100:grassknot",
        "100:grasswhistle",
        "100:grassyglide",
        "100:grassyterrain",
        "100:gravapple",
        "100:gravity",
        "100:growl",
        "100:growth",
        "100:grudge",
        "100:guardsplit",
        "100:guardswap",
        "100:guillotine",
        "100:gunkshot",
        "100:gust",
        "100:gyroball",
        "100:hail",
        "100:hammerarm",
        "100:happyhour",
        "100:harden",
        "100:hardpress",
        "100:haze",
        "100:headbutt",
        "100:headsmash",
        "100:healbell",
        "100:healingwish",
        "100:healpulse",
        "100:heartswap",
        "100:heatcrash",
        "100:heatwave",
        "100:heavyslam",
        "100:helpinghand",
        "100:hex",
        "100:hiddenpower",
        "100:highhorsepower",
        "100:highjumpkick",
        "100:holdback",
        "100:holdhands",
        "100:hornattack",
        "100:horndrill",
        "100:hurricane",
        "100:hydrocannon",
        "100:hydropump",
        "100:hyperbeam",
        "100:hyperdrill",
        "100:hyperfang",
        "100:hyperspacefury",
        "100:hyperspacehole",
        "100:hypervoice",
        "100:hypnosis",
        "100:iceball",
        "100:icebeam",
        "100:iceburn",
        "100:icefang",
        "100:icehammer",
        "100:icepunch",
        "100:iceshard",
        "100:icespinner",
        "100:iciclecrash",
        "100:iciclespear",
        "100:icywind",
        "100:imprison",
        "100:incinerate",
        "100:infernalparade",
        "100:inferno",
        "100:instruct",
        "100:iondeluge",
        "100:irondefense",
        "100:ironhead",
        "100:irontail",
        "100:ivycudgel",
        "100:jawlock",
        "100:jetpunch",
        "100:judgment",
        "100:jumpkick",
        "100:junglehealing",
        "100:karatechop",
        "100:kinesis",
        "100:kingsshield",
        "100:knockoff",
        "100:kowtowcleave",
        "1:lick",
        "100:landswrath",
        "100:lashout",
        "100:lastresort",
        "100:lastrespects",
        "100:lavaplume",
        "100:leafage",
        "100:leafblade",
        "100:leafstorm",
        "100:leaftornado",
        "100:leechlife",
        "100:leechseed",
        "100:leer",
        "100:lifedew",
        "100:lightofruin",
        "100:lightscreen",
        "100:liquidation",
        "100:lockon",
        "100:lovelykiss",
        "100:lowkick",
        "100:lowsweep",
        "100:luckychant",
        "100:luminacrash",
        "100:lunarblessing",
        "100:lunardance",
        "100:lunge",
        "100:lusterpurge",
        "100:machpunch",
        "100:magicalleaf",
        "100:magiccoat",
        "100:magicpowder",
        "100:magicroom",
        "100:magmastorm",
        "100:magnetbomb",
        "100:magnetrise",
        "100:magnitude",
        "100:makeitrain",
        "100:malignantchain",
        "100:matblock",
        "100:matchagotcha",
        "100:meanlook",
        "100:meditate",
        "100:mefirst",
        "100:megadrain",
        "100:megahorn",
        "100:megakick",
        "100:memento",
        "100:metalburst",
        "100:metalclaw",
        "100:metalsound",
        "100:meteorbeam",
        "100:meteormash",
        "100:metronome",
        "100:mightycleave",
        "100:milkdrink",
        "100:mimic",
        "100:mindreader",
        "100:minimize",
        "100:miracleeye",
        "100:mirrorcoat",
        "100:mirrormove",
        "100:mirrorshot",
        "100:mist",
        "100:mistball",
        "100:mistyexplosion",
        "100:mistyterrain",
        "100:moonblast",
        "100:moongeistbeam",
        "100:moonlight",
        "100:morningsun",
        "100:mortalspin",
        "100:mountaingale",
        "100:mudbomb",
        "100:mudshot",
        "100:mudslap",
        "100:mudsport",
        "100:multiattack",
        "100:mysticalfire",
        "100:mysticalpower",
        "100:nastyplot",
        "100:naturalgift",
        "100:naturesmadness",
        "100:needlearm",
        "100:nightdaze",
        "100:nightmare",
        "100:nightshade",
        "100:nightslash",
        "100:nobleroar",
        "100:noretreat",
        "100:nuzzle",
        "100:obstruct",
        "100:octazooka",
        "100:octolock",
        "100:odorsleuth",
        "100:ominouswind",
        "100:orderup",
        "100:originpulse",
        "100:outrage",
        "100:overheat",
        "100:painsplit",
        "100:paraboliccharge",
        "100:partingshot",
        "100:payback",
        "100:payday",
        "100:peck",
        "100:perishsong",
        "100:petalblizzard",
        "100:petaldance",
        "100:phantomforce",
        "100:photongeyser",
        "100:pinmissile",
        "100:plasmafists",
        "100:playnice",
        "100:playrough",
        "100:pluck",
        "100:poisonfang",
        "100:poisongas",
        "100:poisonjab",
        "100:poisonpowder",
        "100:poisonsting",
        "100:poisontail",
        "100:pollenpuff",
        "100:poltergeist",
        "100:populationbomb",
        "100:pounce",
        "100:pound",
        "100:powder",
        "100:powergem",
        "100:powershift",
        "100:powersplit",
        "100:powerswap",
        "100:powertrick",
        "100:powertrip",
        "100:poweruppunch",
        "100:powerwhip",
        "100:precipiceblades",
        "100:present",
        "100:prismaticlaser",
        "100:protect",
        "100:psybeam",
        "100:psyblade",
        "100:psychic",
        "100:psychicfangs",
        "100:psychicnoise",
        "100:psychicterrain",
        "100:psychoboost",
        "100:psychocut",
        "100:psychoshift",
        "100:psyshock",
        "100:psystrike",
        "100:psywave",
        "100:punishment",
        "100:purify",
        "100:pursuit",
        "100:pyroball",
        "100:quash",
        "100:quiverdance",
        "100:rage",
        "100:ragefist",
        "100:ragepowder",
        "100:ragingbull",
        "100:ragingfury",
        "100:raindance",
        "100:rapidspin",
        "100:razorleaf",
        "100:razorshell",
        "100:razorwind",
        "100:recover",
        "100:recycle",
        "100:reflect",
        "100:reflecttype",
        "100:relicsong",
        "100:rest",
        "100:retaliate",
        "100:return",
        "100:revelationdance",
        "100:revenge",
        "100:reversal",
        "100:roar",
        "100:roaroftime",
        "100:rockblast",
        "100:rockclimb",
        "100:rockpolish",
        "100:rocksmash",
        "100:rockthrow",
        "100:rocktomb",
        "100:rockwrecker",
        "100:roleplay",
        "100:rollingkick",
        "100:rollout",
        "100:roost",
        "100:rototiller",
        "100:round",
        "100:ruination",
        "1:sketch",
        "100:sacredsword",
        "100:Sacredfire",
        "100:strength",
        "100:safeguard",
        "100:saltcure",
        "100:sandsearstorm",
        "100:sandstorm",
        "100:sandtomb",
        "100:sappyseed",
        "100:scald",
        "100:scaleshot",
        "100:scaryface",
        "100:screech",
        "100:searingshot",
        "100:secretpower",
        "100:secretsword",
        "100:seedbomb",
        "100:seedflare",
        "100:seismictoss",
        "100:shadowball",
        "100:shadowbone",
        "100:shadowclaw",
        "100:shadowforce",
        "100:shadowpunch",
        "100:shadowsneak",
        "100:sheercold",
        "100:shellsidearm",
        "100:shellsmash",
        "100:shelltrap",
        "100:shelter",
        "100:shiftgear",
        "100:shockwave",
        "100:shoreup",
        "100:signalbeam",
        "100:silktrap",
        "100:silverwind",
        "100:simplebeam",
        "100:sing",
        "100:skillswap",
        "100:skittersmack",
        "100:skullbash",
        "100:skydrop",
        "100:skyuppercut",
        "100:slackoff",
        "100:slash",
        "100:sleeppowder",
        "100:sleeptalk",
        "100:sludge",
        "100:sludgebomb",
        "100:sludgewave",
        "100:smartstrike",
        "100:smellingsalts",
        "100:smog",
        "100:smokescreen",
        "100:snaptrap",
        "100:snatch",
        "100:snipeshot",
        "100:snore",
        "100:snowscape",
        "100:soak",
        "100:softboiled",
        "100:solarbeam",
        "100:solarblade",
        "100:sonicboom",
        "100:spacialrend",
        "100:spark",
        "100:spectralthief",
        "100:speedswap",
        "100:spicyextract",
        "100:spiderweb",
        "100:spikecannon",
        "100:spikes",
        "100:spikyshield",
        "100:spinout",
        "100:spiritbreak",
        "100:spiritshackle",
        "100:spite",
        "100:spitup",
        "100:splash",
        "100:spore",
        "100:spotlight",
        "100:springtidestorm",
        "100:stealthrock",
        "100:steameruption",
        "100:steamroller",
        "100:steelbeam",
        "100:stickyweb",
        "100:stockpile",
        "100:stomp",
        "100:stompingtantrum",
        "100:stoneaxe",
        "100:stoneedge",
        "100:storedpower",
        "100:stormthrow",
        "100:strangesteam",
        "100:stringshot",
        "100:struggle",
        "100:strugglebug",
        "100:stunspore",
        "100:submission",
        "100:substitute",
        "100:suckerpunch",
        "100:sunnyday",
        "100:sunsteelstrike",
        "100:supercellslam",
        "100:superfang",
        "100:superpower",
        "100:supersonic",
        "100:surf",
        "100:swagger",
        "100:swallow",
        "100:sweetkiss",
        "100:sweetscent",
        "100:swift",
        "100:switcheroo",
        "100:swordsdance",
        "100:synchronoise",
        "100:synthesis",
        "100:syrupbomb",
        "1:tailslap",
        "100:tachyoncutter",
        "100:tackle",
        "100:tailglow",
        "100:tailwhip",
        "100:tailwind",
        "100:takedown",
        "100:takeheart",
        "100:taunt",
        "100:tearfullook",
        "100:teatime",
        "100:technoblast",
        "100:teeterdance",
        "100:telekinesis",
        "100:teleport",
        "100:temperflare",
        "100:terrainpulse",
        "100:thief",
        "100:thousandarrows",
        "100:thousandwaves",
        "100:thrash",
        "100:throatchop",
        "100:thunder",
        "100:thunderbolt",
        "100:thundercage",
        "100:thunderclap",
        "100:thunderfang",
        "100:thunderouskick",
        "100:thunderpunch",
        "100:thundershock",
        "100:thunderwave",
        "100:tickle",
        "100:tidyup",
        "100:topsyturvy",
        "100:torchsong",
        "100:torment",
        "100:toxic",
        "100:toxicspikes",
        "100:toxicthread",
        "100:transform",
        "100:triattack",
        "100:trick",
        "100:trickortreat",
        "100:trickroom",
        "100:triplearrows",
        "100:tripleaxel",
        "100:tripledive",
        "100:triplekick",
        "100:tropkick",
        "100:twinbeam",
        "100:twineedle",
        "100:twister",
        "100:upperhand",
        "100:uturn",
        "100:vacuumwave",
        "100:vcreate",
        "100:venoshock",
        "100:victorydance",
        "100:vinewhip",
        "100:vitalthrow",
        "100:voltswitch",
        "100:volttackle",
        "100:wakeupslap",
        "100:waterfall",
        "100:watergun",
        "100:waterpledge",
        "100:waterpulse",
        "100:watershuriken",
        "100:watersport",
        "100:waterspout",
        "100:wavecrash",
        "100:weatherball",
        "100:whirlpool",
        "100:whirlwind",
        "100:wickedblow",
        "100:wideguard",
        "100:wildboltstorm",
        "100:wildcharge",
        "100:willowisp",
        "100:wish",
        "100:withdraw",
        "100:wonderroom",
        "100:woodhammer",
        "100:wrap",
        "100:wringout",
        "100:xscissor",
        "100:yawn",
        "100:zapcannon",
        "100:zenheadbutt",
        "100:zingzap"
  ],
  "labels": [
    "gen2"
  ],
  "pokedex": [
    "cobblemon.species.smeargle.desc"
  ],
  "evolutions": [],
  "baseScale": 0.7,
  "hitbox": {
    "width": 0.8,
    "height": 1.8,
    "fixed": false
  },
  "baseFriendship": 70,
  "evYield": {
    "hp": 0,
    "attack": 0,
    "defence": 0,
    "special_attack": 0,
    "special_defence": 0,
    "speed": 1
  },
  "height": 12,
  "weight": 580,
  "aspects": [],
  "cannotDynamax": false
}
