{
	"format_version": "1.8.0",
	"animations": {
		"animation.dondozo.pose": {
			"animation_length": 5,
			"bones": {
				"body": {
					"rotation": [15, 0, 0]
				},
				"head": {
					"rotation": [-6.31751, -12.81953, 0.11567]
				},
				"lowerjaw": {
					"rotation": [42.5, 0, 0]
				},
				"tongue": {
					"rotation": {
						"0.0": [0, 0, 0],
						"5.0": [-27.5, 0, 0]
					},
					"position": {
						"0.0": [0, 0, 0],
						"5.0": [0, 0, -11]
					},
					"scale": {
						"0.0": [1, 1, 1],
						"5.0": [1, 1, 1.2]
					}
				},
				"tongue2": {
					"rotation": {
						"0.0": [-12.5, 0, 0],
						"5.0": [17.5, 0, 0]
					}
				},
				"tail1": {
					"rotation": [-18.63559, -10.70894, 4.97913]
				},
				"tailfin": {
					"rotation": [24.06166, -18.48735, -32.04314]
				},
				"tail4": {
					"rotation": [21.4085, -22.45907, -13.70517]
				},
				"tail3": {
					"rotation": [12.16672, -13.69235, -5.21065]
				},
				"tail2": {
					"rotation": [-10.96601, -11.16169, -16.20186]
				},
				"finleft": {
					"rotation": [-1.83951, -39.19014, -28.79135]
				},
				"finleft2": {
					"rotation": [0, 40, 0]
				},
				"finright": {
					"rotation": [-9.60265, 6.44093, 25.71151]
				},
				"finright2": {
					"rotation": [0, -20, 0]
				},
				"tailfin2": {
					"rotation": [24.52824, -7.49698, -14.12783]
				},
				"whiskerleft3": {
					"rotation": [-8.74472, -18.05776, 26.39218]
				},
				"whiskerleft2": {
					"rotation": [0, -25, 25]
				},
				"whiskerleft": {
					"rotation": [0, -22.5, 0]
				},
				"whiskerright": {
					"rotation": [0, 27.5, 0]
				},
				"whiskerright2": {
					"rotation": [-21.30838, 21.63168, -21.6167]
				},
				"whiskerright3": {
					"rotation": [-8.14759, 10.44461, -14.21932]
				},
				"pupilleft": {
					"position": [0, 0, -0.7]
				},
				"pupilright": {
					"position": [0, 0, -0.7]
				},
				"eyelidleft": {
					"position": [0, 0, 0]
				}
			}
		},
		"animation.dondozo.water_idle": {
			"loop": true,
			"bones": {
				"body": {
					"rotation": ["-math.sin(q.anim_time*90*0.5+100)*1", "math.sin(q.anim_time*90*0.1-50)*0.75", "math.sin(q.anim_time*90*0.1)*1"],
					"position": ["math.sin(q.anim_time*90*0.1)*0.725", "math.sin(q.anim_time*90*0.5)*1", "math.sin(q.anim_time*90*0.1-50)*0.75"]
				},
				"finleft": {
					"rotation": ["math.sin(q.anim_time*90*0.5-30)*8", "math.sin(q.anim_time*90*0.5+30)*8", "math.sin(q.anim_time*90*0.5+30)*2"]
				},
				"finleft2": {
					"rotation": [0, "math.sin(q.anim_time*90*0.5)*12", "math.sin(q.anim_time*90*0.5)*3"]
				},
				"finright": {
					"rotation": ["math.sin(q.anim_time*90*0.5-80)*8", "-(math.sin(q.anim_time*90*0.5+60)*8)", "-(math.sin(q.anim_time*90*0.5+80)*2)"]
				},
				"finright2": {
					"rotation": [0, "-(math.sin(q.anim_time*90*0.5-60)*12)", "-(math.sin(q.anim_time*90*0.5-30)*3)"]
				},
				"head": {
					"rotation": ["-math.sin(q.anim_time*90*0.5+130)*2", 0, 0]
				},
				"whiskerleft": {
					"rotation": [0, "math.sin(q.anim_time*90*0.1-50)*2", "math.sin(q.anim_time*90*0.5+60)*10"]
				},
				"whiskerleft2": {
					"rotation": [0, "math.sin(q.anim_time*90*0.1-100)*4", "math.sin(q.anim_time*90*0.5-30)*13"]
				},
				"whiskerleft3": {
					"rotation": [0, "math.sin(q.anim_time*90*0.1-150)*6", "math.sin(q.anim_time*90*0.5-90)*16"]
				},
				"whiskerright": {
					"rotation": [0, "-math.sin(q.anim_time*90*0.1-50)*2", "-(math.sin(q.anim_time*90*0.5+30)*10)"]
				},
				"whiskerright2": {
					"rotation": [0, "-math.sin(q.anim_time*90*0.1-100)*4", "-(math.sin(q.anim_time*90*0.5-60)*13)"]
				},
				"whiskerright3": {
					"rotation": [0, "-math.sin(q.anim_time*90*0.1-150)*6", "-(math.sin(q.anim_time*90*0.5-120)*16)"]
				},
				"lowerjaw": {
					"rotation": ["2-math.sin(q.anim_time*90*0.5+40)*2", 0, 0]
				},
				"tail1": {
					"rotation": ["-math.sin(q.anim_time*90*0.5+20)*2.5", 0, 0]
				},
				"tail2": {
					"rotation": ["-math.sin(q.anim_time*90*0.5-40)*3.5", 0, 0]
				},
				"tail3": {
					"rotation": ["-math.sin(q.anim_time*90*0.5-120)*4.5", 0, 0]
				},
				"tail4": {
					"rotation": ["-math.sin(q.anim_time*90*0.5-190)*5.5", 0, 0]
				},
				"tailfin": {
					"rotation": ["-math.sin(q.anim_time*90*0.5-230)*6.5", 0, 0]
				},
				"tailfin2": {
					"rotation": ["-math.sin(q.anim_time*90*0.5-290)*7.5", 0, 0]
				}
			}
		},
		"animation.dondozo.water_swim": {
			"loop": true,
			"bones": {
				"body": {
					"rotation": ["math.sin(q.anim_time*90*1-100)*3", 0, "math.sin(q.anim_time*90*0.5-40)*2"],
					"position": ["math.sin(q.anim_time*90*0.5)*1", "math.sin(q.anim_time*90*1)*1", 0]
				},
				"finleft": {
					"rotation": ["0+math.sin(q.anim_time*90*1-120)*2", "-20-math.sin(q.anim_time*90*1-60)*1", "0-math.sin(q.anim_time*90*1-110)*2"]
				},
				"finleft2": {
					"rotation": [0, "-math.sin(q.anim_time*90*1-120)*8", "-math.sin(q.anim_time*90*1-150)*3"]
				},
				"finright": {
					"rotation": ["0+math.sin(q.anim_time*90*1-90)*2", "20+math.sin(q.anim_time*90*1-30)*1", "0+math.sin(q.anim_time*90*1-110)*2"]
				},
				"finright2": {
					"rotation": [0, "math.sin(q.anim_time*90*1-90)*8", "math.sin(q.anim_time*90*1-120)*3"]
				},
				"head": {
					"rotation": ["math.sin(q.anim_time*90*1-70)*2", 0, 0]
				},
				"whiskerleft": {
					"rotation": [0, -4.99041, "-math.sin(q.anim_time*90*1-110)*3"]
				},
				"whiskerleft2": {
					"rotation": [0, -9.94261, "-math.sin(q.anim_time*90*1-170)*5"]
				},
				"whiskerleft3": {
					"rotation": [0, -14.8569, "-math.sin(q.anim_time*90*1-210)*7"]
				},
				"whiskerright": {
					"rotation": [0, 15, "math.sin(q.anim_time*90*1-80)*3"]
				},
				"whiskerright2": {
					"rotation": [0, 15, "0+math.sin(q.anim_time*90*1-140)*5"]
				},
				"whiskerright3": {
					"rotation": [0, 22.5, "math.sin(q.anim_time*90*1-180)*7"]
				},
				"tail1": {
					"rotation": ["math.sin(q.anim_time*90*1-120)*4", 0, "math.sin(q.anim_time*90*0.5-80)*3"]
				},
				"tail2": {
					"rotation": ["math.sin(q.anim_time*90*1-170)*5", 0, "math.sin(q.anim_time*90*0.5-120)*3.5"]
				},
				"tail3": {
					"rotation": ["math.sin(q.anim_time*90*1-220)*6", 0, "math.sin(q.anim_time*90*0.5-160)*4"]
				},
				"tail4": {
					"rotation": ["math.sin(q.anim_time*90*1-270)*7", 0, "math.sin(q.anim_time*90*0.5-200)*4.5"]
				},
				"tailfin": {
					"rotation": ["math.sin(q.anim_time*90*1-290)*8", 0, "math.sin(q.anim_time*90*0.5-220)*5"]
				},
				"tailfin2": {
					"rotation": ["math.sin(q.anim_time*90*1-310)*9", 0, "math.sin(q.anim_time*90*0.5-240)*5.5"]
				}
			}
		},
		"animation.dondozo.ground_idle": {
			"loop": true,
			"bones": {
				"body": {
					"rotation": ["-math.sin(q.anim_time*90*0.5+100)*1", "math.sin(q.anim_time*90*0.1-50)*0.75", "math.sin(q.anim_time*90*0.1)*1"],
					"position": ["math.sin(q.anim_time*90*0.1)*0.725", "-14+math.sin(q.anim_time*90*0.5)*1", "math.sin(q.anim_time*90*0.1-50)*0.75"]
				},
				"finleft": {
					"rotation": ["math.sin(q.anim_time*90*0.5-30)*8", "math.sin(q.anim_time*90*0.5+30)*8", "math.sin(q.anim_time*90*0.5+30)*2"]
				},
				"finleft2": {
					"rotation": [0, "math.sin(q.anim_time*90*0.5)*12", "math.sin(q.anim_time*90*0.5)*3"]
				},
				"finright": {
					"rotation": ["math.sin(q.anim_time*90*0.5-80)*8", "-(math.sin(q.anim_time*90*0.5+60)*8)", "-(math.sin(q.anim_time*90*0.5+80)*2)"]
				},
				"finright2": {
					"rotation": [0, "-(math.sin(q.anim_time*90*0.5-60)*12)", "-(math.sin(q.anim_time*90*0.5-30)*3)"]
				},
				"head": {
					"rotation": ["-math.sin(q.anim_time*90*0.5+130)*2", 0, 0]
				},
				"whiskerleft": {
					"rotation": [0, "math.sin(q.anim_time*90*0.1-50)*2", "math.sin(q.anim_time*90*0.5+60)*10"]
				},
				"whiskerleft2": {
					"rotation": [0, "math.sin(q.anim_time*90*0.1-100)*4", "math.sin(q.anim_time*90*0.5-30)*13"]
				},
				"whiskerleft3": {
					"rotation": [0, "math.sin(q.anim_time*90*0.1-150)*6", "math.sin(q.anim_time*90*0.5-90)*16"]
				},
				"whiskerright": {
					"rotation": [0, "-math.sin(q.anim_time*90*0.1-50)*2", "-(math.sin(q.anim_time*90*0.5+30)*10)"]
				},
				"whiskerright2": {
					"rotation": [0, "-math.sin(q.anim_time*90*0.1-100)*4", "-(math.sin(q.anim_time*90*0.5-60)*13)"]
				},
				"whiskerright3": {
					"rotation": [0, "-math.sin(q.anim_time*90*0.1-150)*6", "-(math.sin(q.anim_time*90*0.5-120)*16)"]
				},
				"lowerjaw": {
					"rotation": ["2-math.sin(q.anim_time*90*0.5+40)*2", 0, 0]
				},
				"tail1": {
					"rotation": ["-math.sin(q.anim_time*90*0.5+20)*2.5", 0, 0]
				},
				"tail2": {
					"rotation": ["-math.sin(q.anim_time*90*0.5-40)*3.5", 0, 0]
				},
				"tail3": {
					"rotation": ["-math.sin(q.anim_time*90*0.5-120)*4.5", 0, 0]
				},
				"tail4": {
					"rotation": ["-math.sin(q.anim_time*90*0.5-190)*5.5", 0, 0]
				},
				"tailfin": {
					"rotation": ["-math.sin(q.anim_time*90*0.5-230)*6.5", 0, 0]
				},
				"tailfin2": {
					"rotation": ["-math.sin(q.anim_time*90*0.5-290)*7.5", 0, 0]
				},
				"dondozo": {
					"position": [0, 14, 0]
				}
			}
		},
		"animation.dondozo.ground_walk": {
			"loop": true,
			"bones": {
				"body": {
					"rotation": [0, "math.sin(q.anim_time*90*1-100)*3", "math.sin(q.anim_time*90*0.5-40)*2"],
					"position": ["math.sin(q.anim_time*90*0.5)*1", "-14+math.sin(q.anim_time*90*1)*0.5", 0]
				},
				"finleft": {
					"rotation": ["-8.7585+math.sin(q.anim_time*90*15-120)*1", "-21.8754-math.sin(q.anim_time*90*1-60)*1", "-10.5046-math.sin(q.anim_time*90*1-110)*3"]
				},
				"finleft2": {
					"rotation": [0, "-22.5-math.sin(q.anim_time*90*1-120)*8", "0-math.sin(q.anim_time*90*1-150)*5"]
				},
				"finright": {
					"rotation": ["-9.8018+math.sin(q.anim_time*90*15-50)*1", "21.3395+math.sin(q.anim_time*90*1-30)*1", "7.8541+math.sin(q.anim_time*90*1-110)*3"]
				},
				"finright2": {
					"rotation": [0, "12.5+math.sin(q.anim_time*90*1-90)*8", "0+math.sin(q.anim_time*90*1-120)*5"]
				},
				"head": {
					"rotation": [0, "math.sin(q.anim_time*90*1+20)*2", 0]
				},
				"whiskerleft": {
					"rotation": [0, -15, "-math.sin(q.anim_time*90*1-110)*3"]
				},
				"whiskerleft2": {
					"rotation": [0, -15, "-math.sin(q.anim_time*90*1-170)*5"]
				},
				"whiskerleft3": {
					"rotation": [0, -30, "-math.sin(q.anim_time*90*1-210)*7"]
				},
				"whiskerright": {
					"rotation": [0, 12.5, "0+math.sin(q.anim_time*90*1-80)*3"]
				},
				"whiskerright2": {
					"rotation": [0, 15, "math.sin(q.anim_time*90*1-140)*5"]
				},
				"whiskerright3": {
					"rotation": [0, 27.5, "math.sin(q.anim_time*90*1-180)*7"]
				},
				"tail1": {
					"rotation": [0, "math.sin(q.anim_time*90*1-120)*4", "math.sin(q.anim_time*90*0.5-80)*3"]
				},
				"tail2": {
					"rotation": [0, "math.sin(q.anim_time*90*1-170)*5", "math.sin(q.anim_time*90*0.5-120)*3.5"]
				},
				"tail3": {
					"rotation": [0, "math.sin(q.anim_time*90*1-220)*6", "math.sin(q.anim_time*90*0.5-160)*4"]
				},
				"tail4": {
					"rotation": [0, "math.sin(q.anim_time*90*1-270)*7", "math.sin(q.anim_time*90*0.5-200)*4.5"]
				},
				"tailfin": {
					"rotation": [0, "math.sin(q.anim_time*90*1-290)*8", "math.sin(q.anim_time*90*1-220)*15"]
				},
				"tailfin2": {
					"rotation": [0, "math.sin(q.anim_time*90*1-310)*9", "math.sin(q.anim_time*90*0.5-240)*5.5"]
				},
				"dondozo": {
					"position": [0, 15, 0]
				}
			}
		},
		"animation.dondozo.blink": {
			"animation_length": 0.1667,
			"bones": {
				"eyelidleft": {
					"position": {
						"0.0": [-0.1, 0, 0],
						"0.125": [-0.1, 0, 0],
						"0.1667": [0, 0, 0]
					}
				},
				"eyelidright": {
					"position": {
						"0.0": [0.25, 0, 0],
						"0.125": [0.25, 0, 0],
						"0.1667": [0, 0, 0]
					}
				}
			}
		}
	}
}